model,lead_hours,mae,rmse,bias,n
pred_persist_1h,1,13.705298013245033,20.974614110540692,0.035099337748344374,1510
pred_persist_1h,2,17.327345309381236,26.13709441752886,0.11510312707917499,1503
pred_persist_1h,3,20.53871829105474,30.909089748898687,0.18891855807743657,1498
pred_persist_1h,4,23.590635451505015,35.206642729855574,0.1979933110367893,1495
pred_persist_1h,5,26.426943699731904,38.96720453779841,0.22587131367292226,1492
pred_persist_1h,6,29.29233870967742,42.47370312310015,0.3030913978494624,1488
pred_persist_1h,7,32.12609575185435,45.69284564298302,0.3877275792312879,1483
pred_persist_1h,8,34.60675675675676,48.71296236837483,0.5202702702702703,1480
pred_persist_1h,9,37.18403247631935,51.688918048118545,0.5372124492557511,1478
pred_persist_1h,10,39.726964769647694,54.774636832282155,0.5779132791327913,1476
pred_persist_1h,11,42.12415196743555,57.81747938694172,0.6004070556309362,1474
pred_persist_1h,12,44.42837746096402,60.628105214391326,0.5315682281059063,1473
pred_persist_1h,13,46.69836956521739,63.29042573036174,0.4782608695652174,1472
pred_persist_1h,14,48.708559782608695,65.69087790719037,0.4898097826086957,1472
pred_persist_1h,15,50.688179347826086,68.05756534792408,0.45584239130434784,1472
pred_persist_1h,16,52.79347826086956,70.40651564771669,0.47554347826086957,1472
pred_persist_1h,17,54.815342837746094,72.73184014078542,0.47182620502376105,1473
pred_persist_1h,18,56.93012211668928,75.08418161209596,0.40366350067842605,1474
pred_persist_1h,19,58.999320652173914,77.43571580040917,0.4422554347826087,1472
pred_persist_1h,20,61.01700680272109,79.6534970471274,0.5312925170068027,1470
pred_persist_1h,21,62.852280462899934,81.74575804575521,0.5228046289993192,1469
pred_persist_1h,22,64.81007488087134,83.8170395552682,0.46562287270251873,1469
pred_persist_1h,23,66.6712049012934,85.81341863743515,0.47379169503063306,1469
pred_persist_1h,24,68.45027247956403,87.80915412235744,0.5197547683923706,1468
pred_persist_1h,25,70.17474402730376,89.71027313414027,0.5556313993174061,1465
pred_persist_1h,26,71.75239398084815,91.47162103920732,0.5813953488372093,1462
pred_persist_1h,27,73.46986301369863,93.29115566883817,0.4863013698630137,1460
pred_persist_1h,28,75.12962962962963,95.1712376292296,0.4561042524005487,1458
pred_persist_1h,29,76.48076923076923,96.904237877821,0.364010989010989,1456
pred_persist_1h,30,77.74346629986245,98.4950267214458,0.25378266850068776,1454
pred_persist_1h,31,79.0103305785124,100.00284775559469,0.20454545454545456,1452
pred_persist_1h,32,80.25499655410061,101.43443968785849,0.22191592005513439,1451
pred_persist_1h,33,81.41103448275862,102.73089720906418,0.26620689655172414,1450
pred_persist_1h,34,82.56521739130434,104.08081679695242,0.28226363008971705,1449
pred_persist_1h,35,83.76657458563535,105.398782321795,0.2941988950276243,1448
pred_persist_1h,36,84.9861782999309,106.71578034529986,0.28127159640635796,1447
pred_persist_1h,37,86.14799446749655,107.99325064715325,0.30567081604426005,1446
pred_persist_1h,38,87.2401384083045,109.24944949304263,0.3653979238754325,1445
pred_persist_1h,39,88.39750692520775,110.48130662502778,0.3407202216066482,1444
pred_persist_1h,40,89.58004158004158,111.78354987904983,0.3257103257103257,1443
pred_persist_1h,41,90.71705963938973,113.06473297136587,0.3855755894590846,1442
pred_persist_1h,42,91.81956974323387,114.32306269872278,0.41498959056210966,1441
pred_persist_1h,43,92.79305555555555,115.56531943258564,0.5194444444444445,1440
pred_persist_1h,44,93.68380820013898,116.71808423858415,0.6900625434329395,1439
pred_persist_1h,45,94.55702364394993,117.85240704800957,0.8671766342141863,1438
pred_persist_1h,46,95.26652748782185,118.83367908392275,1.1050800278357689,1437
pred_persist_1h,47,95.88718662952647,119.81206267365982,1.3676880222841226,1436
pred_persist_1h,48,96.54285714285714,120.64898549241279,1.5714285714285714,1435
pred_persist_1h,49,97.25941422594143,121.47061447655156,1.7935843793584378,1434
pred_persist_1h,50,97.78157711095604,122.12460032355078,2.0928122819260295,1433
pred_persist_1h,51,98.14664804469274,122.72418205201123,2.3547486033519553,1432
pred_persist_1h,52,98.48078266946192,123.18083381641196,2.659678546470999,1431
pred_persist_1h,53,98.83986013986014,123.6777648184568,2.9293706293706294,1430
pred_persist_1h,54,99.25822253324003,124.24569329481528,3.0888733379986,1429
pred_persist_1h,55,99.60364145658264,124.84268532209396,3.2478991596638656,1428
pred_persist_1h,56,99.93833216538192,125.50998698317106,3.439383321653819,1427
pred_persist_1h,57,100.30364656381487,126.11498515666534,3.679523141654979,1426
pred_persist_1h,58,100.8259649122807,126.73533411121265,3.9810526315789474,1425
pred_persist_1h,59,101.47893258426966,127.38268451640805,4.300561797752809,1424
pred_persist_1h,60,102.14757554462403,127.97681843843726,4.615600843288826,1423
pred_persist_1h,61,102.76090014064698,128.58061003539586,4.89732770745429,1422
pred_persist_1h,62,103.21534130893737,129.05523368975162,5.208304011259676,1421
pred_persist_1h,63,103.7281690140845,129.64999470405144,5.314084507042254,1420
pred_persist_1h,64,104.38477801268499,130.37328096280442,5.30937279774489,1419
pred_persist_1h,65,105.0768688293371,131.0474967459701,5.265867418899859,1418
pred_persist_1h,66,105.67254763585039,131.69656212005444,5.18560338743825,1417
pred_persist_1h,67,106.16242937853107,132.25146181627775,5.179378531073446,1416
pred_persist_1h,68,106.513074204947,132.7166007441202,5.236749116607774,1415
pred_persist_1h,69,106.90947666195191,133.25209807254632,5.272984441301273,1414
pred_persist_1h,70,107.38995046001415,133.89108924492774,5.286624203821656,1413
pred_persist_1h,71,107.97025495750708,134.6300407611693,5.267705382436261,1412
pred_persist_1h,72,108.68745570517363,135.35389737153514,5.2728561304039685,1411
pred_persist_1h,73,109.46879432624114,136.22439508253592,5.30709219858156,1410
pred_persist_1h,74,110.11994322214336,137.02231043050352,5.4158977998580555,1409
pred_persist_1h,75,110.80610795454545,137.7513585768675,5.600142045454546,1408
pred_persist_1h,76,111.3731343283582,138.44419308312064,5.8663823738450604,1407
pred_persist_1h,77,111.8620199146515,139.1034746920732,6.160739687055477,1406
pred_persist_1h,78,112.49964412811389,139.77905290097382,6.405693950177936,1405
pred_persist_1h,79,113.19301994301995,140.45634568340103,6.599002849002849,1404
pred_persist_1h,80,113.8952245188881,141.22043903768224,6.824661439771917,1403
pred_persist_1h,81,114.75035663338089,142.17268638247538,6.960057061340941,1402
pred_persist_1h,82,115.63311920057102,143.17936720074476,7.113490364025696,1401
pred_persist_1h,83,116.51928571428572,144.27318085592248,7.296428571428572,1400
pred_persist_1h,84,117.38098641887062,145.23374962460153,7.526804860614725,1399
pred_persist_1h,85,118.21959942775393,146.09904875042713,7.740343347639485,1398
pred_persist_1h,86,118.91052254831783,146.8039562641387,8.001431639226915,1397
pred_persist_1h,87,119.65902578796562,147.57249687462394,8.213467048710601,1396
pred_persist_1h,88,120.38351254480287,148.39753111202143,8.257347670250896,1395
pred_persist_1h,89,120.94978479196557,149.07193529913906,8.205164992826399,1394
pred_persist_1h,90,121.50538406317301,149.64759033200355,8.117013639626705,1393
pred_persist_1h,91,122.29166666666667,150.43311990123183,8.054597701149426,1392
pred_persist_1h,92,122.98993529834651,151.2754425725511,7.96764917325665,1391
pred_persist_1h,93,123.71294964028777,152.1610444668326,7.823741007194244,1390
pred_persist_1h,94,124.4442044636429,152.89804006313352,7.695464362850972,1389
pred_persist_1h,95,125.09942363112393,153.63866719558877,7.64985590778098,1388
pred_persist_1h,96,125.79812545061283,154.35159631434757,7.5645277577505405,1387
pred_persist_6h,1,29.065562913907286,42.217734260529845,0.4589403973509934,1510
pred_persist_6h,2,31.87358616101131,45.43552823010757,0.633399866932801,1503
pred_persist_6h,3,34.39185580774366,48.48158363684002,0.780373831775701,1498
pred_persist_6h,4,37.00735785953177,51.49454625797164,0.8107023411371237,1495
pred_persist_6h,5,39.611260053619304,54.642010667239475,0.8579088471849866,1492
pred_persist_6h,6,42.12836021505376,57.75959981654774,0.9428763440860215,1488
pred_persist_6h,7,44.575185434929196,60.69589140942874,1.021577882670263,1483
pred_persist_6h,8,46.928378378378376,63.42964819601532,1.1162162162162161,1480
pred_persist_6h,9,48.995263870094725,65.88989565267525,1.098105548037889,1478
pred_persist_6h,10,51.02506775067751,68.31402166140971,1.0602981029810299,1476
pred_persist_6h,11,53.12618724559023,70.68692800684421,1.0352781546811398,1474
pred_persist_6h,12,55.12016293279022,73.00364078748474,0.9640190088255262,1473
pred_persist_6h,13,57.20788043478261,75.34078374726516,0.8573369565217391,1472
pred_persist_6h,14,59.166440217391305,77.57108853931285,0.826766304347826,1472
pred_persist_6h,15,61.07065217391305,79.68801257294655,0.7445652173913043,1472
pred_persist_6h,16,62.84714673913044,81.71261693462245,0.6691576086956522,1472
pred_persist_6h,17,64.72776646300068,83.71216809745388,0.615071283095723,1473
pred_persist_6h,18,66.52985074626865,85.64605226545305,0.5447761194029851,1474
pred_persist_6h,19,68.2975543478261,87.63552392921392,0.5788043478260869,1472
pred_persist_6h,20,69.95646258503402,89.50941120283134,0.6680272108843538,1470
pred_persist_6h,21,71.50374404356705,91.26746501455926,0.6678012253233492,1469
pred_persist_6h,22,73.27229407760382,93.10865652383374,0.5670524166099388,1469
pred_persist_6h,23,74.96460176991151,95.00000716563335,0.597004765146358,1469
pred_persist_6h,24,76.36307901907357,96.74889898619453,0.6573569482288828,1468
pred_persist_6h,25,77.66211604095564,98.38456620270375,0.6982935153583618,1465
pred_persist_6h,26,79.01231190150479,99.95448348528369,0.7441860465116279,1462
pred_persist_6h,27,80.37739726027397,101.48375603871798,0.7102739726027397,1460
pred_persist_6h,28,81.62208504801097,102.85430917722277,0.6989026063100137,1458
pred_persist_6h,29,82.8385989010989,104.26487495005999,0.6696428571428571,1456
pred_persist_6h,30,84.09284731774416,105.63322845870034,0.6334250343878954,1454
pred_persist_6h,31,85.31542699724518,106.97779177887482,0.6225895316804407,1452
pred_persist_6h,32,86.46795313576844,108.25572437883211,0.6636802205375603,1451
pred_persist_6h,33,87.58827586206897,109.52434149224703,0.6586206896551724,1450
pred_persist_6h,34,88.7487922705314,110.76896354586042,0.5610766045548654,1449
pred_persist_6h,35,89.88397790055248,112.04530580299287,0.4613259668508287,1448
pred_persist_6h,36,90.99447131997236,113.28536357602808,0.39322736696613686,1447
pred_persist_6h,37,92.04495159059475,114.49346318473032,0.3008298755186722,1446
pred_persist_6h,38,92.93771626297578,115.66781275088759,0.314878892733564,1445
pred_persist_6h,39,93.81786703601108,116.8007958032693,0.3400277008310249,1444
pred_persist_6h,40,94.7040887040887,117.92662482530756,0.3908523908523909,1443
pred_persist_6h,41,95.44452149791955,118.94005121755178,0.5527045769764216,1442
pred_persist_6h,42,96.10617626648161,119.9693778879091,0.7307425399028452,1441
pred_persist_6h,43,96.80555555555556,120.87306817943818,0.9347222222222222,1440
pred_persist_6h,44,97.52119527449618,121.7341656572046,1.2321056289089645,1439
pred_persist_6h,45,98.1481223922114,122.52919098141108,1.5806675938803894,1438
pred_persist_6h,46,98.60125260960334,123.23199206850421,1.9373695198329854,1437
pred_persist_6h,47,99.01044568245125,123.79766885273112,2.3948467966573816,1436
pred_persist_6h,48,99.40278745644599,124.34129439284922,2.753310104529617,1435
pred_persist_6h,49,99.85006973500697,124.93701341946561,2.965829846582985,1434
pred_persist_6h,50,100.13468248429868,125.45086031233653,3.1493370551291,1433
pred_persist_6h,51,100.37569832402235,125.97175905024224,3.28072625698324,1432
pred_persist_6h,52,100.60027952480783,126.37609007465633,3.39832285115304,1431
pred_persist_6h,53,100.93496503496503,126.76473721583065,3.5671328671328673,1430
pred_persist_6h,54,101.43037088873338,127.21328167408352,3.727081875437369,1429
pred_persist_6h,55,102.00490196078431,127.69125546680586,3.9418767507002803,1428
pred_persist_6h,56,102.59495444989489,128.2537204859974,4.136650315346881,1427
pred_persist_6h,57,103.09467040673212,128.76666275160326,4.400420757363253,1426
pred_persist_6h,58,103.69333333333333,129.45597639568985,4.552280701754386,1425
pred_persist_6h,59,104.42837078651685,130.28176573544766,4.637640449438202,1424
pred_persist_6h,60,105.17146872803936,131.03571688853356,4.717498243148278,1423
pred_persist_6h,61,105.80731364275668,131.766495296416,4.790436005625879,1422
pred_persist_6h,62,106.3173821252639,132.36867936398625,4.909922589725546,1421
pred_persist_6h,63,106.75,132.93370952004824,5.014788732394366,1420
pred_persist_6h,64,107.1923890063425,133.54486567703105,5.107822410147992,1419
pred_persist_6h,65,107.70451339915374,134.2424416690751,5.151622002820875,1418
pred_persist_6h,66,108.27311220889203,134.992926969107,5.182074805928017,1417
pred_persist_6h,67,108.99152542372882,135.74375057146844,5.238700564971752,1416
pred_persist_6h,68,109.7243816254417,136.56635348647794,5.317314487632509,1415
pred_persist_6h,69,110.32885431400283,137.32811810634718,5.417963224893918,1414
pred_persist_6h,70,110.92356687898089,137.95376262642637,5.56900212314225,1413
pred_persist_6h,71,111.40722379603399,138.55824549180647,5.742917847025495,1412
pred_persist_6h,72,111.81573352232459,139.10453217534712,5.92487597448618,1411
pred_persist_6h,73,112.40212765957448,139.7033153223528,6.073049645390071,1410
pred_persist_6h,74,113.04613200851668,140.29719039369027,6.180269694819021,1409
pred_persist_6h,75,113.75568181818181,140.9958191675458,6.308238636363637,1408
pred_persist_6h,76,114.54655294953803,141.8420670927954,6.411513859275053,1407
pred_persist_6h,77,115.32645803698435,142.71846322026622,6.542674253200569,1406
pred_persist_6h,78,116.13380782918149,143.69190548206817,6.706049822064057,1405
pred_persist_6h,79,116.98076923076923,144.6004047903292,6.888176638176638,1404
pred_persist_6h,80,117.79828937990021,145.4643975272597,7.112615823235923,1403
pred_persist_6h,81,118.51426533523538,146.23886865230995,7.414407988587731,1402
pred_persist_6h,82,119.30478229835832,147.1022067930919,7.740185581727338,1401
pred_persist_6h,83,120.07071428571429,148.02315697214405,7.910714285714286,1400
pred_persist_6h,84,120.6554681915654,148.7888799867779,8.057898498927806,1399
pred_persist_6h,85,121.24964234620887,149.44005884437607,8.11516452074392,1398
pred_persist_6h,86,122.08088761632068,150.27706932933353,8.108088761632068,1397
pred_persist_6h,87,122.75859598853869,151.11042424394898,8.055157593123209,1396
pred_persist_6h,88,123.42078853046596,151.96659225398957,7.968458781362007,1395
pred_persist_6h,89,124.11908177905309,152.68661935570057,7.835007173601148,1394
pred_persist_6h,90,124.7954055994257,153.45402514113871,7.764536970567121,1393
pred_persist_6h,91,125.51077586206897,154.21684101201186,7.713362068965517,1392
pred_persist_6h,92,126.24227174694464,154.95408981268127,7.681524083393242,1391
pred_persist_6h,93,127.02086330935252,155.6185961960022,7.502877697841726,1390
pred_persist_6h,94,127.75521958243341,156.13239937280565,7.385169186465083,1389
pred_persist_6h,95,128.38832853025937,156.7359400365323,7.369596541786744,1388
pred_persist_6h,96,129.03893294881038,157.47747232488263,7.405191059841385,1387
pred_persist_24h,1,68.65430463576159,87.75546246276058,2.2198675496688742,1510
pred_persist_24h,2,70.46506986027944,89.73735239670079,2.3293413173652695,1503
pred_persist_24h,3,72.11481975967958,91.56461528175387,2.383177570093458,1498
pred_persist_24h,4,73.77658862876254,93.38511622903496,2.3665551839464882,1495
pred_persist_24h,5,75.3887399463807,95.25641985078069,2.428954423592493,1492
pred_persist_24h,6,76.85013440860214,97.05359967398128,2.476478494623656,1488
pred_persist_24h,7,78.21308159136885,98.74008054688802,2.5057316250842887,1483
pred_persist_24h,8,79.58986486486486,100.29972312753141,2.5425675675675676,1480
pred_persist_24h,9,80.9235453315291,101.78177523485924,2.5324763193504736,1478
pred_persist_24h,10,82.1449864498645,103.10547918223538,2.559620596205962,1476
pred_persist_24h,11,83.30800542740842,104.46337642889671,2.569877883310719,1474
pred_persist_24h,12,84.53021045485404,105.7639746319081,2.556008146639511,1473
pred_persist_24h,13,85.68342391304348,107.02321593934654,2.504076086956522,1472
pred_persist_24h,14,86.79483695652173,108.22949524646388,2.495923913043478,1472
pred_persist_24h,15,87.88247282608695,109.48081837651426,2.4028532608695654,1472
pred_persist_24h,16,89.01834239130434,110.72706541900381,2.300951086956522,1472
pred_persist_24h,17,90.10658520027155,111.992710823806,2.1812627291242364,1473
pred_persist_24h,18,91.23337856173677,113.26698446297202,2.0488466757123476,1474
pred_persist_24h,19,92.43478260869566,114.62735583848098,1.9945652173913044,1472
pred_persist_24h,20,93.51496598639456,115.93594583827299,2.0374149659863945,1470
pred_persist_24h,21,94.53029271613343,117.15817274281666,2.055139550714772,1469
pred_persist_24h,22,95.50578624914908,118.32332738131899,2.0558202859087813,1469
pred_persist_24h,23,96.23757658270932,119.33924335022272,2.1586113002042207,1469
pred_persist_24h,24,96.92302452316076,120.38969138973457,2.3249318801089918,1468
pred_persist_24h,25,97.76518771331058,121.39043150128539,2.4668941979522185,1465
pred_persist_24h,26,98.63474692202462,122.36322105084139,2.6538987688098494,1462
pred_persist_24h,27,99.37671232876713,123.20504681888578,2.8273972602739725,1460
pred_persist_24h,28,99.95336076817559,123.99532050110939,3.0041152263374484,1458
pred_persist_24h,29,100.46428571428571,124.67537517819699,3.2005494505494507,1456
pred_persist_24h,30,101.01237964236589,125.3437199984652,3.3480055020632737,1454
pred_persist_24h,31,101.54820936639119,126.02988407691555,3.4449035812672175,1452
pred_persist_24h,32,101.90764989662301,126.65374146636711,3.5230875258442453,1451
pred_persist_24h,33,102.24068965517242,127.29860361668788,3.577241379310345,1450
pred_persist_24h,34,102.59558316080056,127.86234996394472,3.6031746031746033,1449
pred_persist_24h,35,102.9792817679558,128.37820183809367,3.6671270718232045,1448
pred_persist_24h,36,103.5611610228058,128.9400491777581,3.743607463718037,1447
pred_persist_24h,37,104.12863070539419,129.47442433166714,3.86030428769018,1446
pred_persist_24h,38,104.64844290657439,130.0136138732692,3.982698961937716,1445
pred_persist_24h,39,105.06925207756233,130.46106178726004,4.105263157894737,1444
pred_persist_24h,40,105.57726957726958,131.04511927127726,4.106722106722107,1443
pred_persist_24h,41,106.24271844660194,131.78802906453862,4.0804438280166435,1442
pred_persist_24h,42,106.93962526023594,132.50126156549194,4.087439278278973,1441
pred_persist_24h,43,107.55277777777778,133.22969930829154,4.094444444444444,1440
pred_persist_24h,44,108.03752605976372,133.82382909702744,4.173731758165393,1439
pred_persist_24h,45,108.45201668984701,134.3992712659891,4.300417246175243,1438
pred_persist_24h,46,108.87473903966597,135.00342272523898,4.446068197633959,1437
pred_persist_24h,47,109.35306406685237,135.66585764429502,4.623259052924791,1436
pred_persist_24h,48,109.89547038327527,136.40909469306868,4.7386759581881535,1435
pred_persist_24h,49,110.60599721059972,137.14288479818077,4.804044630404463,1434
pred_persist_24h,50,111.29239357990231,137.91451380957002,4.901605024424285,1433
pred_persist_24h,51,111.83240223463687,138.64509472210977,5.01536312849162,1432
pred_persist_24h,52,112.3487071977638,139.2305775993345,5.174703004891684,1431
pred_persist_24h,53,112.76293706293707,139.80921315820387,5.390909090909091,1430
pred_persist_24h,54,113.1406578026592,140.38578257649567,5.577326801959412,1429
pred_persist_24h,55,113.6967787114846,141.02733062492985,5.762605042016807,1428
pred_persist_24h,56,114.32305536089699,141.70799897207615,5.934828311142256,1427
pred_persist_24h,57,114.98316970546985,142.46992251657676,6.161290322580645,1426
pred_persist_24h,58,115.8119298245614,143.42202722990928,6.349473684210526,1425
pred_persist_24h,59,116.65098314606742,144.40244704811323,6.53441011235955,1424
pred_persist_24h,60,117.46310611384399,145.42241763306632,6.73928320449754,1423
pred_persist_24h,61,118.27004219409282,146.32878225961178,6.987341772151899,1422
pred_persist_24h,62,119.00633356790992,147.11884160037192,7.259676284306826,1421
pred_persist_24h,63,119.61971830985915,147.7732703726209,7.566197183098591,1420
pred_persist_24h,64,120.27977448907681,148.47225047590965,7.831571529245948,1419
pred_persist_24h,65,120.9181946403385,149.21832056831997,7.901269393511988,1418
pred_persist_24h,66,121.4121383203952,149.84337388502604,7.914608327452364,1417
pred_persist_24h,67,121.88064971751412,150.36548458606535,7.9074858757062145,1416
pred_persist_24h,68,122.54840989399294,151.0470453004392,7.902473498233215,1415
pred_persist_24h,69,123.0990099009901,151.75855535374328,7.8500707213578504,1414
pred_persist_24h,70,123.64897381457891,152.50507399353017,7.760792639773531,1413
pred_persist_24h,71,124.28470254957507,153.1867946364552,7.644475920679887,1412
pred_persist_24h,72,124.87030474840539,153.88631937661899,7.603118355776045,1411
pred_persist_24h,73,125.51205673758865,154.59240391273346,7.564539007092199,1410
pred_persist_24h,74,126.14762242725337,155.2576466221052,7.57416607523066,1409
pred_persist_24h,75,126.88068181818181,155.91051301365735,7.482954545454546,1408
pred_persist_24h,76,127.60056858564322,156.45418911198706,7.468372423596304,1407
pred_persist_24h,77,128.23541963015649,157.0842182902101,7.568278805120911,1406
pred_persist_24h,78,128.91103202846975,157.8709099210119,7.745195729537366,1405
pred_persist_24h,79,129.45441595441596,158.52852116509516,8.015669515669515,1404
pred_persist_24h,80,129.85245901639345,158.90788852327364,8.3071988595866,1403
pred_persist_24h,81,130.31811697574892,159.26240470389888,8.579172610556348,1402
pred_persist_24h,82,130.7501784439686,159.69669905415614,8.960028551034975,1401
pred_persist_24h,83,131.31642857142856,160.27297472927688,9.307857142857143,1400
pred_persist_24h,84,131.867762687634,160.8219394597009,9.646175839885633,1399
pred_persist_24h,85,132.3555078683834,161.27201139538624,9.893419170243204,1398
pred_persist_24h,86,132.82748747315676,161.7784392977561,9.974230493915533,1397
pred_persist_24h,87,133.2285100286533,162.29687105825812,9.962034383954155,1396
pred_persist_24h,88,133.61146953405017,162.79542321818673,10.031541218637992,1395
pred_persist_24h,89,133.90243902439025,163.18086804475368,10.107604017216643,1394
pred_persist_24h,90,134.1694185211773,163.42073736613776,10.126346015793253,1393
pred_persist_24h,91,134.1867816091954,163.53911796095844,10.12787356321839,1392
pred_persist_24h,92,134.3450754852624,163.6962038665415,10.161035226455787,1391
pred_persist_24h,93,134.4769784172662,163.86245109145,10.133093525179856,1390
pred_persist_24h,94,134.5939524838013,163.95794602078587,10.125989920806335,1389
pred_persist_24h,95,134.62319884726224,164.03618819475165,10.13328530259366,1388
pred_persist_24h,96,134.67916366258112,164.14335971293957,10.10814708002884,1387
pred_persist_27d,1,91.93973509933775,126.20433604708712,-25.2841059602649,1510
pred_persist_27d,2,91.68995342648037,125.86409255123496,-25.403858948769127,1503
pred_persist_27d,3,91.47463284379172,125.54911432108582,-25.327770360480642,1498
pred_persist_27d,4,91.49230769230769,125.43253059888998,-25.00267558528428,1495
pred_persist_27d,5,91.41219839142092,125.38836452041537,-24.638739946380696,1492
pred_persist_27d,6,91.37970430107526,125.32361067441809,-24.360887096774192,1488
pred_persist_27d,7,91.32231962238706,125.28991329539299,-24.25691166554282,1483
pred_persist_27d,8,91.51351351351352,125.44655371048596,-24.191891891891892,1480
pred_persist_27d,9,92.0426251691475,125.78368946671611,-23.96955345060893,1478
pred_persist_27d,10,92.68563685636856,126.18721841827293,-23.73170731707317,1476
pred_persist_27d,11,93.26255088195387,126.5321165809638,-23.510854816824967,1474
pred_persist_27d,12,93.98167006109979,127.03927313179463,-23.591989137813986,1473
pred_persist_27d,13,94.71399456521739,127.57525752089133,-23.663722826086957,1472
pred_persist_27d,14,95.48709239130434,128.35089841913847,-23.920516304347824,1472
pred_persist_27d,15,96.30570652173913,129.28238388353108,-24.213315217391305,1472
pred_persist_27d,16,97.15353260869566,130.20788666590053,-24.501358695652176,1472
pred_persist_27d,17,98.21181262729124,131.08971964293178,-24.65173116089613,1473
pred_persist_27d,18,99.34192672998643,132.03190272754603,-24.812754409769337,1474
pred_persist_27d,19,100.2133152173913,132.76697877173342,-24.971467391304348,1472
pred_persist_27d,20,101.21632653061225,133.5479785883486,-25.076190476190476,1470
pred_persist_27d,21,102.23485364193328,134.39726274806682,-25.095302927161335,1469
pred_persist_27d,22,103.1994554118448,135.1825631929752,-24.98842750170184,1469
pred_persist_27d,23,104.2069434989789,135.93124338120847,-24.818243703199457,1469
pred_persist_27d,24,105.15599455040872,136.6480816875335,-24.759536784741144,1468
pred_persist_27d,25,105.91126279863481,137.09302290170584,-24.678498293515357,1465
pred_persist_27d,26,106.58071135430916,137.49503411005344,-24.603967168262653,1462
pred_persist_27d,27,107.20821917808219,137.98384856842276,-24.40958904109589,1460
pred_persist_27d,28,107.88545953360769,138.5379987292538,-24.220164609053498,1458
pred_persist_27d,29,108.52335164835165,139.05923613282994,-24.0260989010989,1456
pred_persist_27d,30,109.15818431911967,139.50978233537145,-23.89821182943604,1454
pred_persist_27d,31,109.77823691460055,139.98578735413471,-23.65840220385675,1452
pred_persist_27d,32,110.5093039283253,140.71001653252844,-23.682288077188147,1451
pred_persist_27d,33,111.13379310344827,141.40442855085234,-23.72689655172414,1450
pred_persist_27d,34,111.74810213940648,142.09231391204045,-23.761904761904763,1449
pred_persist_27d,35,112.271408839779,142.70163354169992,-23.810082872928177,1448
pred_persist_27d,36,112.72011057360055,143.3513764806885,-23.89080856945404,1447
pred_persist_27d,37,113.31258644536653,144.04716743263828,-23.937759336099585,1446
pred_persist_27d,38,113.85121107266436,144.66706557330767,-23.912110726643597,1445
pred_persist_27d,39,114.3393351800554,145.23815097492448,-23.92382271468144,1444
pred_persist_27d,40,114.6008316008316,145.6073546648717,-23.954954954954953,1443
pred_persist_27d,41,114.85575589459084,145.9241676032704,-23.9625520110957,1442
pred_persist_27d,42,115.1027064538515,146.28193524886342,-23.94378903539209,1441
pred_persist_27d,43,115.43402777777777,146.61975338723406,-23.922916666666666,1440
pred_persist_27d,44,115.72411396803335,146.96602974340925,-23.85337039610841,1439
pred_persist_27d,45,116.03477051460362,147.3095526825868,-23.79694019471488,1438
pred_persist_27d,46,116.3409881697982,147.66943843604437,-23.695198329853863,1437
pred_persist_27d,47,116.75208913649026,148.0374773748894,-23.54317548746518,1436
pred_persist_27d,48,117.04738675958188,148.46642999761573,-23.471080139372823,1435
pred_persist_27d,49,117.2887029288703,148.76613398901063,-23.396094839609486,1434
pred_persist_27d,50,117.50174459176553,148.9632466367776,-23.293789253314724,1433
pred_persist_27d,51,117.64594972067039,149.12969356500835,-23.24650837988827,1432
pred_persist_27d,52,117.69392033542977,149.28610457864303,-23.144654088050313,1431
pred_persist_27d,53,117.87552447552447,149.4785481720918,-23.032167832167833,1430
pred_persist_27d,54,117.99370188943317,149.71610877267747,-22.96920923722883,1429
pred_persist_27d,55,118.14775910364146,150.0484678931672,-22.887254901960784,1428
pred_persist_27d,56,118.49194113524878,150.4720626089387,-22.845129642606867,1427
pred_persist_27d,57,118.62552594670407,150.89996500659032,-22.805049088359045,1426
pred_persist_27d,58,118.72842105263157,151.3223490874145,-22.776140350877192,1425
pred_persist_27d,59,118.91994382022472,151.71326814203522,-22.73174157303371,1424
pred_persist_27d,60,119.09557273366129,152.0631757419436,-22.724525650035137,1423
pred_persist_27d,61,119.23066104078762,152.3947655169364,-22.654008438818565,1422
pred_persist_27d,62,119.42575650950035,152.66163086958272,-22.574243490499647,1421
pred_persist_27d,63,119.54929577464789,152.88674349997834,-22.514084507042252,1420
pred_persist_27d,64,119.70754052149401,153.14914405301766,-22.486962649753348,1419
pred_persist_27d,65,120.01198871650212,153.4922780064729,-22.529619181946405,1418
pred_persist_27d,66,120.38814396612561,153.87375793286225,-22.58997882851094,1417
pred_persist_27d,67,120.69138418079096,154.27885595725755,-22.60946327683616,1416
pred_persist_27d,68,121.10318021201414,154.70421567071065,-22.625441696113075,1415
pred_persist_27d,69,121.495756718529,155.12243419253105,-22.67680339462518,1414
pred_persist_27d,70,121.93276716206653,155.5473476249252,-22.769285208775656,1413
pred_persist_27d,71,122.29107648725213,155.9871812304309,-22.888810198300284,1412
pred_persist_27d,72,122.66123316796597,156.46393561042896,-22.937632884479093,1411
pred_persist_27d,73,122.93758865248228,156.87787181966317,-22.948936170212765,1410
pred_persist_27d,74,123.14549325762952,157.1954116537644,-22.912704045422284,1409
pred_persist_27d,75,123.27130681818181,157.46909418993937,-22.907670454545453,1408
pred_persist_27d,76,123.3816631130064,157.68158607480038,-22.788912579957355,1407
pred_persist_27d,77,123.56116642958749,157.8859875480132,-22.60384068278805,1406
pred_persist_27d,78,123.74448398576513,158.05846704165745,-22.42491103202847,1405
pred_persist_27d,79,123.81339031339031,158.19386570059896,-22.213675213675213,1404
pred_persist_27d,80,123.9672131147541,158.33802721531438,-21.927298645759087,1403
pred_persist_27d,81,124.05563480741797,158.55903376890564,-21.646219686162624,1402
pred_persist_27d,82,124.09279086366881,158.73386433253182,-21.33190578158458,1401
pred_persist_27d,83,124.09785714285714,158.93493951928883,-21.106428571428573,1400
pred_persist_27d,84,124.11222301644031,159.14146673059963,-20.88134381701215,1399
pred_persist_27d,85,124.06294706723891,159.3263761417984,-20.696709585121603,1398
pred_persist_27d,86,124.01932712956335,159.5582282531765,-20.583392984967787,1397
pred_persist_27d,87,124.2134670487106,159.95706354409745,-20.5243553008596,1396
pred_persist_27d,88,124.41003584229391,160.34993095858488,-20.530465949820787,1395
pred_persist_27d,89,124.54232424677188,160.73558047074798,-20.60832137733142,1394
pred_persist_27d,90,124.63173007896626,161.15647646519278,-20.674802584350324,1393
pred_persist_27d,91,124.85416666666667,161.55444840316397,-20.713362068965516,1392
pred_persist_27d,92,125.07189072609633,161.95027904519992,-20.73544212796549,1391
pred_persist_27d,93,125.19856115107913,162.37342164761435,-20.79712230215827,1390
pred_persist_27d,94,125.3678905687545,162.72366343205508,-20.84809215262779,1389
pred_persist_27d,95,125.59654178674351,163.06624685861055,-20.835734870317,1388
pred_persist_27d,96,125.67483777937996,163.30415578399405,-20.89041095890411,1387
pred_blend,1,20.49804107073292,27.80908420530327,0.47572485948017934,1510
pred_blend,2,23.6410681461935,32.270172651488714,0.5654566573069051,1503
pred_blend,3,26.57141145458902,36.44909629031942,0.6390229707986479,1498
pred_blend,4,29.26748933225694,40.34502370069051,0.6466612847421962,1495
pred_blend,5,31.89745308310993,43.8900910524474,0.685645180090968,1492
pred_blend,6,34.637415110356535,47.20068709421534,0.7606465761177137,1488
pred_blend,7,37.08771982169602,50.24351843755839,0.8375691464920407,1483
pred_blend,8,39.423600386100404,53.09230470814282,0.9536196911197399,1480
pred_blend,9,41.70511648319497,55.88314363158663,0.9686208536005559,1478
pred_blend,10,43.86744271988174,58.688123487027866,1.0102857846759805,1476
pred_blend,11,46.03986531064445,61.4734952340918,1.0340520085146196,1474
pred_blend,12,48.010937617862254,64.06584465049,0.9814437655578193,1473
pred_blend,13,50.08314709467696,66.53239051657964,0.9326493295408116,1472
pred_blend,14,52.00975440935194,68.78692519115552,0.9440243027071744,1472
pred_blend,15,53.76096661490684,71.02830028621239,0.900873447204982,1472
pred_blend,16,55.689851588628756,73.25266611422087,0.8967913879598182,1472
pred_blend,17,57.603246791766374,75.47212166382293,0.8701415116103421,1473
pred_blend,18,59.57933594061775,77.70434076647928,0.7907654242157961,1474
pred_blend,19,61.59025909384415,79.94955505756982,0.8111211256994654,1472
pred_blend,20,63.50380952380955,82.07726512132284,0.8927619047619778,1470
pred_blend,21,65.31744951213979,84.08480663877853,0.8942797615363989,1469
pred_blend,22,67.24949639488197,86.05852523143102,0.8550589738958548,1469
pred_blend,23,68.99338213105207,87.927595557235,0.8906542777540566,1469
pred_blend,24,70.71389645776567,89.80375307723777,0.9710490463215259,1468
pred_blend,25,72.18371729237771,91.42727229296791,0.7705915813424332,1465
pred_blend,26,73.5421939124487,92.95783041989918,0.57482615139079,1462
pred_blend,27,74.99160958904109,94.50668793887294,0.2935787671232877,1460
pred_blend,28,76.42735482395977,96.08966029295195,0.06492912665751788,1458
pred_blend,29,77.67489411630038,97.5417194185663,-0.1971726190476157,1456
pred_blend,30,78.9381447730399,98.88478054394784,-0.48216127922971114,1454
pred_blend,31,80.11774707300276,100.16870938967175,-0.7253716138659325,1452
pred_blend,32,81.23460831610385,101.37633393173225,-0.9448081782678596,1451
pred_blend,33,82.1964224137931,102.50222926507669,-1.1553879310344828,1450
pred_blend,34,83.16629284564068,103.62972975534993,-1.3921095008051518,1449
pred_blend,35,84.18058672882137,104.72378021834474,-1.62451801335175,1448
pred_blend,36,85.15972702142363,105.82419142908957,-1.8746544574982722,1447
pred_blend,37,86.10583794375287,106.91440524170393,-2.088635315813736,1446
pred_blend,38,86.95125432525951,107.99166864394562,-2.270746828143022,1445
pred_blend,39,87.7864006232687,109.0513705525844,-2.5094788781163433,1444
pred_blend,40,88.56294756294756,110.13438485304091,-2.7758142758142745,1443
pred_blend,41,89.36279184003698,111.2176633206708,-3.0023549468331066,1442
pred_blend,42,90.07074080499653,112.2869872696037,-3.234168979875087,1441
pred_blend,43,90.70196035879628,113.34171974186225,-3.424356192129626,1440
pred_blend,44,91.19712763493166,114.32352980522467,-3.552235348621729,1439
pred_blend,45,91.70277729485396,115.29549523720966,-3.669788769123783,1438
pred_blend,46,92.1883263743911,116.18157799319472,-3.7430700533518877,1437
pred_blend,47,92.61635329619311,117.0507449277523,-3.7866469359331516,1436
pred_blend,48,92.99703832752613,117.86587210308254,-3.8973867595818814,1435
pred_blend,49,93.38469026034402,118.62993551828382,-4.01361285448628,1434
pred_blend,50,93.74504245173294,119.26528675352904,-4.080527448243783,1433
pred_blend,51,93.98592440642459,119.83440747790371,-4.180451291899441,1432
pred_blend,52,94.12689261588632,120.22398025926925,-4.237829023992543,1431
pred_blend,53,94.32424970862472,120.65665726093181,-4.297792832167836,1430
pred_blend,54,94.56031315605318,121.15478565461012,-4.432164100769769,1429
pred_blend,55,94.99085988562094,121.76126590554806,-4.5629012021475255,1428
pred_blend,56,95.49935762672271,122.51205943831607,-4.698259752394303,1427
pred_blend,57,96.06480101683029,123.23612536608599,-4.804106767180926,1426
pred_blend,58,96.72255847953215,124.02263490340988,-4.903347953216374,1425
pred_blend,59,97.33394779962546,124.84152818476569,-4.996503394194755,1424
pred_blend,60,97.97777582572031,125.64662437170733,-5.106026001405481,1423
pred_blend,61,98.55599507735583,126.4357162294587,-5.1989129160806336,1422
pred_blend,62,99.095076823833,127.1265977774794,-5.276111306591605,1421
pred_blend,63,99.71478873239437,127.82138382122073,-5.428080985915493,1420
pred_blend,64,100.21658444914257,128.58903060141205,-5.64188395583744,1419
pred_blend,65,100.71803008932768,129.40711204985112,-5.9462711565585336,1418
pred_blend,66,101.40225829216655,130.2243761511881,-6.283962597035991,1417
pred_blend,67,101.99141507768361,131.00155754792337,-6.585680025894535,1416
pred_blend,68,102.5991460541814,131.79877356985185,-6.866990577149586,1415
pred_blend,69,103.23534741867044,132.61610543439906,-7.184207036775106,1414
pred_blend,70,103.87418907761266,133.4676489685114,-7.538290280726583,1413
pred_blend,71,104.45091920443814,134.34436277107304,-7.923062736071763,1412
pred_blend,72,104.99433026222538,135.2331376032668,-8.249822820694543,1411
pred_blend,73,105.62469710401892,136.13635148932082,-8.550893912529547,1410
pred_blend,74,106.24055180979418,136.95915959478666,-8.799015259048973,1409
pred_blend,75,106.82978959517045,137.7326795963944,-9.073930220170455,1408
pred_blend,76,107.36952144041696,138.43120380942594,-9.254738213693447,1407
pred_blend,77,107.84192004504506,139.14503323842476,-9.367820945945944,1406
pred_blend,78,108.35707295373666,139.88849712778364,-9.47664590747331,1405
pred_blend,79,108.8370800688509,140.5938510705205,-9.554093957739795,1404
pred_blend,80,109.21590639106675,141.27145894993566,-9.576680921834159,1403
pred_blend,81,109.6710502853067,142.0294878219458,-9.62014087018545,1402
pred_blend,82,109.97883654532475,142.62513592857266,-9.492112776588161,1401
pred_blend,83,110.1292142857143,143.07473804923475,-9.24242857142858,1400
pred_blend,84,110.24857040743389,143.49802663189496,-8.988241601143681,1399
pred_blend,85,110.28783977110157,143.86428126349531,-8.783619456366246,1398
pred_blend,86,110.43829634931997,144.24359460587712,-8.656263421617762,1397
pred_blend,87,110.69939111747851,144.74179100025933,-8.592084527220644,1396
pred_blend,88,111.09974910394264,145.24771142991287,-8.571792114695352,1395
pred_blend,89,111.4238880918221,145.69809877404083,-8.607317073170746,1394
pred_blend,90,111.83729361091169,146.13116398366853,-8.655743000717889,1393
pred_blend,91,112.1857040229885,146.54793577000078,-8.687859195402313,1392
pred_blend,92,112.57235801581595,146.97316463658458,-8.705859094176866,1391
pred_blend,93,112.85223021582732,147.4274415608568,-8.771438848920877,1390
pred_blend,94,113.17667386609071,147.79945235808762,-8.823038156947458,1389
pred_blend,95,113.60471902017291,148.15683654512077,-8.82064121037465,1388
pred_blend,96,113.95796683489547,148.44137243042005,-8.872530641672686,1387
pred_lgbm,1,58.5625808358486,75.9586008068926,16.662453727185618,1510
pred_lgbm,2,58.546152038769506,76.18664794107892,16.633148002725868,1503
pred_lgbm,3,58.84596319965286,76.94853126248485,16.34138655491558,1498
pred_lgbm,4,59.55297066669976,78.03565583096987,16.0489018294417,1495
pred_lgbm,5,60.19341327742982,79.1356917655237,15.883308962255194,1492
pred_lgbm,6,60.74912842750793,80.01447614010877,15.283219089467106,1488
pred_lgbm,7,61.37166200358889,80.90570529094093,15.644765575644136,1483
pred_lgbm,8,61.775907074781216,81.60242879454073,15.644128288973217,1480
pred_lgbm,9,62.22599778884722,82.40506979174177,15.672025493796085,1478
pred_lgbm,10,63.03727460978019,83.55805026546709,14.773777591773236,1476
pred_lgbm,11,63.631528267377476,84.44040891680652,14.257299093942757,1474
pred_lgbm,12,64.65598899476852,85.59872934551014,13.144749737025842,1473
pred_lgbm,13,65.44053910110601,86.49795213637285,12.465113668379589,1472
pred_lgbm,14,66.41931665924125,87.598831505061,11.329094321601469,1472
pred_lgbm,15,67.40142503327671,88.7407234535539,10.214760167201897,1472
pred_lgbm,16,68.57497653834461,90.01046113203884,9.306588983566105,1472
pred_lgbm,17,69.25169341692857,90.7343288082005,8.55555697785685,1473
pred_lgbm,18,69.81818416914611,91.22100079179071,7.598492591063249,1474
pred_lgbm,19,70.38976483612524,91.85407970787104,7.065714646739306,1472
pred_lgbm,20,70.65727615180384,92.32197319286183,6.391718841489272,1470
pred_lgbm,21,70.97003453389355,92.85090358768595,5.5634212084147325,1469
pred_lgbm,22,71.5611447240934,93.67100133759382,4.610882546400154,1469
pred_lgbm,23,72.02556571358146,94.38662127387498,3.4067824620813267,1469
pred_lgbm,24,72.47802779320342,94.95118420023502,3.214389415014632,1468
pred_lgbm,25,72.46703756562525,95.24431357872437,2.298298154734439,1465
pred_lgbm,26,72.62973230123883,95.7478612484638,1.4556100252418869,1462
pred_lgbm,27,72.51846289651672,95.80159857839405,1.0625769683340391,1460
pred_lgbm,28,73.01056485016187,96.60902282098613,-0.49524600211172687,1458
pred_lgbm,29,73.32167191594951,97.17358991639415,-1.2006898906585324,1456
pred_lgbm,30,73.88770342892343,97.89204505447803,-2.1766298510387774,1454
pred_lgbm,31,73.7848788694964,97.81739404964716,-2.0611811250868164,1452
pred_lgbm,32,73.87438148157614,97.76844427953523,-1.8083990487585857,1451
pred_lgbm,33,74.1494038406023,98.17399568060245,-2.3281079372077906,1450
pred_lgbm,34,74.1058007356971,97.97135950280718,-1.8785835083499935,1449
pred_lgbm,35,73.89244273288772,97.57041259517678,-1.150672192152976,1448
pred_lgbm,36,74.42527303162183,98.4019188596324,-2.404056325316339,1447
pred_lgbm,37,74.87444463027819,98.92986940433224,-2.8520438249980016,1446
pred_lgbm,38,75.36108272698557,99.5117979825776,-3.285844847041252,1445
pred_lgbm,39,75.09978409773198,99.0948084470532,-2.1663293602029525,1444
pred_lgbm,40,75.0943497469287,99.09482284827895,-2.311010781766979,1443
pred_lgbm,41,75.21020921692401,99.2532377201819,-2.576704477496626,1442
pred_lgbm,42,75.30218820935704,99.50312418418703,-3.0361712899026068,1441
pred_lgbm,43,75.49852714896103,99.83725663521834,-3.182058731869823,1440
pred_lgbm,44,75.5844801265744,99.9510693237143,-3.366378644199077,1439
pred_lgbm,45,75.571844323841,99.79671569473591,-3.0622187607482716,1438
pred_lgbm,46,75.4515454299552,99.41008842236377,-1.7499102781603535,1437
pred_lgbm,47,75.60946135988614,99.3864888498511,-0.44830083856756464,1436
pred_lgbm,48,75.72060401577934,99.39152440042373,0.4465090907568514,1435
pred_lgbm,49,75.69374891558678,99.41836603634425,0.9097550495206959,1434
pred_lgbm,50,75.98187250414573,99.79574250853923,1.3273081971132208,1433
pred_lgbm,51,76.5049689466482,100.34414054894144,2.6603145246943964,1432
pred_lgbm,52,76.46817280250889,100.22874983889862,3.4133920884192537,1431
pred_lgbm,53,76.3635020931337,100.09626125528037,4.091348413427636,1430
pred_lgbm,54,76.35379841746584,100.07200811145579,4.099757636914869,1429
pred_lgbm,55,76.12820558090868,99.79453872759657,4.833124525910718,1428
pred_lgbm,56,76.31179411663531,99.87785081099054,5.416649154239423,1427
pred_lgbm,57,76.24585188231774,99.65497740109546,6.219796423169588,1426
pred_lgbm,58,76.16520454936979,99.44560016345986,6.387630351087306,1425
pred_lgbm,59,76.05508029480312,99.22442647019521,7.410385133711167,1424
pred_lgbm,60,75.92528419628282,99.0665289743195,7.425805224345319,1423
pred_lgbm,61,75.98959480340336,98.99289808702162,8.520602045984418,1422
pred_lgbm,62,76.03617601138907,98.83436667129156,8.734767244598533,1421
pred_lgbm,63,76.09378863566819,98.63360866776424,9.404399886748052,1420
pred_lgbm,64,76.11951551968008,98.40862951383812,10.128719436355373,1419
pred_lgbm,65,76.1119980420569,98.19719333561862,10.182408887593624,1418
pred_lgbm,66,76.75711288052813,98.37503075778889,12.17466554034415,1417
pred_lgbm,67,76.77519389914049,98.22557036316641,12.188076892515808,1416
pred_lgbm,68,76.87824359218958,98.21003637655888,12.09029138878551,1415
pred_lgbm,69,77.07886199390029,98.233651209965,11.921122813250106,1414
pred_lgbm,70,77.26000578352196,98.28272441728298,11.767197974579181,1413
pred_lgbm,71,77.40526643004223,98.23513579674126,11.637923596931081,1412
pred_lgbm,72,77.4714648399579,98.15478048052185,11.457906906533875,1411
pred_lgbm,73,77.33877315793595,97.84401967652617,10.961844499272447,1410
pred_lgbm,74,77.22211797056823,97.6242226987443,10.84276804889045,1409
pred_lgbm,75,77.19161163290329,97.43327009556025,10.907853495888423,1408
pred_lgbm,76,77.1608517592505,97.32055768983726,11.040175050098542,1407
pred_lgbm,77,77.11481193858125,97.22713974439613,11.002570473036185,1406
pred_lgbm,78,77.11793860582615,97.15539943430791,10.796206826695988,1405
pred_lgbm,79,76.97368410854254,96.97429894651604,10.961357624499854,1404
pred_lgbm,80,76.89234331684958,96.87135063333702,11.095403088437576,1403
pred_lgbm,81,77.09096170818252,96.91289747941558,12.287509239955382,1402
pred_lgbm,82,76.82677300329463,96.70001551280066,12.431045922790078,1401
pred_lgbm,83,76.7194825821952,96.63798253836381,12.652537670837605,1400
pred_lgbm,84,76.62858996104447,96.43083309413306,12.994346152624157,1399
pred_lgbm,85,76.70203217822186,96.58037725936855,13.439942853917136,1398
pred_lgbm,86,76.94654454293747,96.75763555659279,14.060329350930054,1397
pred_lgbm,87,77.15525764710175,96.99820245397002,14.359901956342213,1396
pred_lgbm,88,77.40845474330648,97.30909865622662,14.554324426881257,1395
pred_lgbm,89,77.81186409696282,97.69361331393033,14.942795915080694,1394
pred_lgbm,90,78.30938850422602,97.99692319170508,15.855666433635706,1393
pred_lgbm,91,78.42136976254747,98.25499229214597,15.941356883743955,1392
pred_lgbm,92,78.673497925233,98.59565247196258,16.31132856371308,1391
pred_lgbm,93,78.7619808581609,98.91217541459851,16.269561136612662,1390
pred_lgbm,94,78.87070767795143,99.23481880557686,16.212504859932817,1389
pred_lgbm,95,79.23692225833075,99.62374389150037,16.274674381862646,1388
pred_lgbm,96,79.58250385257402,100.00953365887962,16.30554803314117,1387
